what,kind,bundleId,bundleVersion,description,time
executed,command,org.eclipse.debug.ui,3.5.0.v20090603,"org.eclipse.debug.ui.commands.StepOver",1360855464809
executed,command,org.eclipse.debug.ui,3.5.0.v20090603,"org.eclipse.debug.ui.commands.StepOver",1360855464949
executed,command,org.eclipse.debug.ui,3.5.0.v20090603,"org.eclipse.debug.ui.commands.StepOver",1360855465153
activated,view,org.eclipse.debug.ui,3.5.0.v20090603,"org.eclipse.debug.ui.DebugView",1360855465699
executed,command,org.eclipse.debug.ui,3.5.0.v20090603,"org.eclipse.debug.ui.commands.StepOver",1360855465903
executed,command,org.eclipse.debug.ui,3.5.0.v20090603,"org.eclipse.debug.ui.commands.StepOver",1360855466262
executed,command,org.eclipse.debug.ui,3.5.0.v20090603,"org.eclipse.debug.ui.commands.StepOver",1360855466606
executed,command,org.eclipse.debug.ui,3.5.0.v20090603,"org.eclipse.debug.ui.commands.StepOver",1360855466809
executed,command,org.eclipse.debug.ui,3.5.0.v20090603,"org.eclipse.debug.ui.commands.StepOver",1360855466981
executed,command,org.eclipse.debug.ui,3.5.0.v20090603,"org.eclipse.debug.ui.commands.StepOver",1360855467184
executed,command,org.eclipse.debug.ui,3.5.0.v20090603,"org.eclipse.debug.ui.commands.StepOver",1360855467887
executed,command,org.eclipse.debug.ui,3.5.0.v20090603,"org.eclipse.debug.ui.commands.StepOver",1360855468246
executed,command,org.eclipse.debug.ui,3.5.0.v20090603,"org.eclipse.debug.ui.commands.StepOver",1360855468481
executed,command,org.eclipse.debug.ui,3.5.0.v20090603,"org.eclipse.debug.ui.commands.StepOver",1360855468715
executed,command,org.eclipse.debug.ui,3.5.0.v20090603,"org.eclipse.debug.ui.commands.StepOver",1360855469043
executed,command,org.eclipse.debug.ui,3.5.0.v20090603,"org.eclipse.debug.ui.commands.StepOver",1360855469403
executed,command,org.eclipse.debug.ui,3.5.0.v20090603,"org.eclipse.debug.ui.commands.StepOver",1360855469903
executed,command,org.eclipse.debug.ui,3.5.0.v20090603,"org.eclipse.debug.ui.commands.StepOver",1360855470137
executed,command,org.eclipse.debug.ui,3.5.0.v20090603,"org.eclipse.debug.ui.commands.StepOver",1360855470371
executed,command,org.eclipse.debug.ui,3.5.0.v20090603,"org.eclipse.debug.ui.commands.StepOver",1360855474793
executed,command,org.eclipse.debug.ui,3.5.0.v20090603,"org.eclipse.debug.ui.commands.StepOver",1360855475106
executed,command,org.eclipse.debug.ui,3.5.0.v20090603,"org.eclipse.debug.ui.commands.StepOver",1360855475449
executed,command,org.eclipse.debug.ui,3.5.0.v20090603,"org.eclipse.debug.ui.commands.StepOver",1360855475637
executed,command,org.eclipse.debug.ui,3.5.0.v20090603,"org.eclipse.debug.ui.commands.StepOver",1360855475840
executed,command,org.eclipse.debug.ui,3.5.0.v20090603,"org.eclipse.debug.ui.commands.StepOver",1360855476074
executed,command,org.eclipse.debug.ui,3.5.0.v20090603,"org.eclipse.debug.ui.commands.StepOver",1360855476903
executed,command,org.eclipse.debug.ui,3.5.0.v20090603,"org.eclipse.debug.ui.commands.StepOver",1360855477574
executed,command,org.eclipse.debug.ui,3.5.0.v20090603,"org.eclipse.debug.ui.commands.StepOver",1360855478731
activated,view,org.eclipse.ui.console,3.4.0.v20090513,"org.eclipse.ui.console.ConsoleView",1360855478949
deactivated,workbench,org.eclipse.ui.workbench,3.5.0.I20090603-2000,"",1360855479871
activated,workbench,org.eclipse.ui.workbench,3.5.0.I20090603-2000,"",1360855483793
activated,editor,org.eclipse.jdt.ui,3.5.1.r351_v20090821-0800,"org.eclipse.jdt.ui.CompilationUnitEditor",1360855483856
deactivated,workbench,org.eclipse.ui.workbench,3.5.0.I20090603-2000,"",1360855494465
activated,workbench,org.eclipse.ui.workbench,3.5.0.I20090603-2000,"",1360855498199
activated,view,org.eclipse.ui.console,3.4.0.v20090513,"org.eclipse.ui.console.ConsoleView",1360855498262
activated,view,org.eclipse.debug.ui,3.5.0.v20090603,"org.eclipse.debug.ui.DebugView",1360855509856
activated,view,org.eclipse.ui.console,3.4.0.v20090513,"org.eclipse.ui.console.ConsoleView",1360855510059
executed,command,org.eclipse.debug.ui,3.5.0.v20090603,"org.eclipse.debug.ui.commands.Resume",1360855516371
executed,command,org.eclipse.debug.ui,3.5.0.v20090603,"org.eclipse.debug.ui.commands.StepOver",1360855519043
executed,command,org.eclipse.debug.ui,3.5.0.v20090603,"org.eclipse.debug.ui.commands.StepOver",1360855519246
executed,command,org.eclipse.debug.ui,3.5.0.v20090603,"org.eclipse.debug.ui.commands.StepOver",1360855519418
executed,command,org.eclipse.debug.ui,3.5.0.v20090603,"org.eclipse.debug.ui.commands.StepOver",1360855519590
executed,command,org.eclipse.debug.ui,3.5.0.v20090603,"org.eclipse.debug.ui.commands.StepOver",1360855519793
executed,command,org.eclipse.debug.ui,3.5.0.v20090603,"org.eclipse.debug.ui.commands.StepOver",1360855519996
executed,command,org.eclipse.debug.ui,3.5.0.v20090603,"org.eclipse.debug.ui.commands.StepOver",1360855520293
executed,command,org.eclipse.debug.ui,3.5.0.v20090603,"org.eclipse.debug.ui.commands.StepOver",1360855520746
executed,command,org.eclipse.debug.ui,3.5.0.v20090603,"org.eclipse.debug.ui.commands.StepOver",1360855522231
executed,command,org.eclipse.debug.ui,3.5.0.v20090603,"org.eclipse.debug.ui.commands.StepOver",1360855523356
activated,view,org.eclipse.debug.ui,3.5.0.v20090603,"org.eclipse.debug.ui.DebugView",1360855523903
executed,command,org.eclipse.debug.ui,3.5.0.v20090603,"org.eclipse.debug.ui.commands.StepOver",1360855524996
activated,editor,org.eclipse.jdt.ui,3.5.1.r351_v20090821-0800,"org.eclipse.jdt.ui.CompilationUnitEditor",1360855527918
executed,command,org.eclipse.debug.ui,3.5.0.v20090603,"org.eclipse.debug.ui.commands.StepOver",1360855529543
executed,command,org.eclipse.debug.ui,3.5.0.v20090603,"org.eclipse.debug.ui.commands.StepOver",1360855529809
executed,command,org.eclipse.debug.ui,3.5.0.v20090603,"org.eclipse.debug.ui.commands.StepOver",1360855530043
executed,command,org.eclipse.debug.ui,3.5.0.v20090603,"org.eclipse.debug.ui.commands.StepOver",1360855530262
executed,command,org.eclipse.debug.ui,3.5.0.v20090603,"org.eclipse.debug.ui.commands.StepOver",1360855530590
executed,command,org.eclipse.debug.ui,3.5.0.v20090603,"org.eclipse.debug.ui.commands.StepOver",1360855531246
executed,command,org.eclipse.debug.ui,3.5.0.v20090603,"org.eclipse.debug.ui.commands.StepOver",1360855531543
executed,command,org.eclipse.debug.ui,3.5.0.v20090603,"org.eclipse.debug.ui.commands.StepOver",1360855531793
executed,command,org.eclipse.debug.ui,3.5.0.v20090603,"org.eclipse.debug.ui.commands.StepOver",1360855532043
executed,command,org.eclipse.debug.ui,3.5.0.v20090603,"org.eclipse.debug.ui.commands.StepOver",1360855532340
executed,command,org.eclipse.debug.ui,3.5.0.v20090603,"org.eclipse.debug.ui.commands.StepOver",1360855532746
executed,command,org.eclipse.debug.ui,3.5.0.v20090603,"org.eclipse.debug.ui.commands.StepOver",1360855534199
executed,command,org.eclipse.debug.ui,3.5.0.v20090603,"org.eclipse.debug.ui.commands.StepOver",1360855535293
executed,command,org.eclipse.jdt.debug.ui,3.4.1.v20090811_r351,"org.eclipse.jdt.debug.ui.commands.Inspect",1360855558137
deactivated,workbench,org.eclipse.ui.workbench,3.5.0.I20090603-2000,"",1360855558184
activated,workbench,org.eclipse.ui.workbench,3.5.0.I20090603-2000,"",1360855560371
executed,command,org.eclipse.debug.ui,3.5.0.v20090603,"org.eclipse.debug.ui.commands.StepOver",1360855562012
executed,command,org.eclipse.debug.ui,3.5.0.v20090603,"org.eclipse.debug.ui.commands.StepOver",1360855562528
executed,command,org.eclipse.debug.ui,3.5.0.v20090603,"org.eclipse.debug.ui.commands.StepOver",1360855562778
executed,command,org.eclipse.debug.ui,3.5.0.v20090603,"org.eclipse.debug.ui.commands.StepOver",1360855563059
executed,command,org.eclipse.debug.ui,3.5.0.v20090603,"org.eclipse.debug.ui.commands.StepOver",1360855563449
executed,command,org.eclipse.debug.ui,3.5.0.v20090603,"org.eclipse.debug.ui.commands.StepOver",1360855563996
executed,command,org.eclipse.debug.ui,3.5.0.v20090603,"org.eclipse.debug.ui.commands.StepOver",1360855569418
executed,command,org.eclipse.debug.ui,3.5.0.v20090603,"org.eclipse.debug.ui.commands.StepOver",1360855569981
executed,command,org.eclipse.debug.ui,3.5.0.v20090603,"org.eclipse.debug.ui.commands.StepOver",1360855571699
executed,command,org.eclipse.debug.ui,3.5.0.v20090603,"org.eclipse.debug.ui.commands.StepOver",1360855576168
activated,view,org.eclipse.ui.console,3.4.0.v20090513,"org.eclipse.ui.console.ConsoleView",1360855576449
activated,editor,org.eclipse.jdt.ui,3.5.1.r351_v20090821-0800,"org.eclipse.jdt.ui.CompilationUnitEditor",1360855578074
executed,command,org.eclipse.ui,3.5.0.I20090604-2000,"org.eclipse.ui.file.save",1360855585215
deactivated,workbench,org.eclipse.ui.workbench,3.5.0.I20090603-2000,"",1360855588246
activated,workbench,org.eclipse.ui.workbench,3.5.0.I20090603-2000,"",1360855589715
activated,view,org.eclipse.ui.console,3.4.0.v20090513,"org.eclipse.ui.console.ConsoleView",1360855589762
activated,view,org.eclipse.debug.ui,3.5.0.v20090603,"org.eclipse.debug.ui.DebugView",1360855610340
executed,command,org.eclipse.debug.ui,3.5.0.v20090603,"org.eclipse.debug.ui.commands.StepOver",1360855614824
executed,command,org.eclipse.debug.ui,3.5.0.v20090603,"org.eclipse.debug.ui.commands.StepOver",1360855615309
executed,command,org.eclipse.debug.ui,3.5.0.v20090603,"org.eclipse.debug.ui.commands.StepOver",1360855615512
opened,editor,org.eclipse.debug.ui,3.5.0.v20090603,"org.eclipse.debug.ui.sourcelookup.CommonSourceNotFoundEditor",1360855615559
closed,editor,org.eclipse.jdt.ui,3.5.1.r351_v20090821-0800,"org.eclipse.jdt.ui.ClassFileEditor",1360855615778
executed,command,org.eclipse.debug.ui,3.5.0.v20090603,"org.eclipse.debug.ui.commands.Resume",1360855619699
activated,editor,org.eclipse.jdt.ui,3.5.1.r351_v20090821-0800,"org.eclipse.jdt.ui.CompilationUnitEditor",1360855621262
executed,command,org.eclipse.debug.ui,3.5.0.v20090603,"org.eclipse.debug.ui.commands.StepOver",1360855622653
executed,command,org.eclipse.debug.ui,3.5.0.v20090603,"org.eclipse.debug.ui.commands.StepOver",1360855622934
executed,command,org.eclipse.debug.ui,3.5.0.v20090603,"org.eclipse.debug.ui.commands.StepOver",1360855623184
executed,command,org.eclipse.debug.ui,3.5.0.v20090603,"org.eclipse.debug.ui.commands.StepOver",1360855623418
executed,command,org.eclipse.debug.ui,3.5.0.v20090603,"org.eclipse.debug.ui.commands.StepOver",1360855623621
executed,command,org.eclipse.debug.ui,3.5.0.v20090603,"org.eclipse.debug.ui.commands.StepOver",1360855623809
executed,command,org.eclipse.debug.ui,3.5.0.v20090603,"org.eclipse.debug.ui.commands.StepOver",1360855623996
executed,command,org.eclipse.debug.ui,3.5.0.v20090603,"org.eclipse.debug.ui.commands.StepOver",1360855624215
executed,command,org.eclipse.debug.ui,3.5.0.v20090603,"org.eclipse.debug.ui.commands.StepOver",1360855624637
executed,command,org.eclipse.debug.ui,3.5.0.v20090603,"org.eclipse.debug.ui.commands.StepOver",1360855625043
activated,view,org.eclipse.debug.ui,3.5.0.v20090603,"org.eclipse.debug.ui.DebugView",1360855626074
executed,command,org.eclipse.debug.ui,3.5.0.v20090603,"org.eclipse.debug.ui.commands.StepOver",1360855626512
executed,command,org.eclipse.debug.ui,3.5.0.v20090603,"org.eclipse.debug.ui.commands.StepOver",1360855627168
executed,command,org.eclipse.debug.ui,3.5.0.v20090603,"org.eclipse.debug.ui.commands.StepOver",1360855627715
executed,command,org.eclipse.debug.ui,3.5.0.v20090603,"org.eclipse.debug.ui.commands.StepOver",1360855627965
executed,command,org.eclipse.debug.ui,3.5.0.v20090603,"org.eclipse.debug.ui.commands.StepOver",1360855628278
executed,command,org.eclipse.debug.ui,3.5.0.v20090603,"org.eclipse.debug.ui.commands.StepOver",1360855628559
executed,command,org.eclipse.debug.ui,3.5.0.v20090603,"org.eclipse.debug.ui.commands.StepOver",1360855628918
executed,command,org.eclipse.debug.ui,3.5.0.v20090603,"org.eclipse.debug.ui.commands.StepOver",1360855629262
executed,command,org.eclipse.debug.ui,3.5.0.v20090603,"org.eclipse.debug.ui.commands.StepOver",1360855629590
executed,command,org.eclipse.debug.ui,3.5.0.v20090603,"org.eclipse.debug.ui.commands.StepOver",1360855629871
executed,command,org.eclipse.debug.ui,3.5.0.v20090603,"org.eclipse.debug.ui.commands.StepOver",1360855630199
executed,command,org.eclipse.debug.ui,3.5.0.v20090603,"org.eclipse.debug.ui.commands.StepOver",1360855630637
executed,command,org.eclipse.debug.ui,3.5.0.v20090603,"org.eclipse.debug.ui.commands.StepOver",1360855631121
executed,command,org.eclipse.debug.ui,3.5.0.v20090603,"org.eclipse.debug.ui.commands.StepOver",1360855631449
executed,command,org.eclipse.debug.ui,3.5.0.v20090603,"org.eclipse.debug.ui.commands.StepOver",1360855631715
executed,command,org.eclipse.debug.ui,3.5.0.v20090603,"org.eclipse.debug.ui.commands.StepOver",1360855631918
executed,command,org.eclipse.debug.ui,3.5.0.v20090603,"org.eclipse.debug.ui.commands.StepOver",1360855632434
executed,command,org.eclipse.debug.ui,3.5.0.v20090603,"org.eclipse.debug.ui.commands.StepOver",1360855632778
executed,command,org.eclipse.debug.ui,3.5.0.v20090603,"org.eclipse.debug.ui.commands.StepOver",1360855633434
executed,command,org.eclipse.debug.ui,3.5.0.v20090603,"org.eclipse.debug.ui.commands.StepOver",1360855634168
executed,command,org.eclipse.debug.ui,3.5.0.v20090603,"org.eclipse.debug.ui.commands.StepOver",1360855635293
executed,command,org.eclipse.debug.ui,3.5.0.v20090603,"org.eclipse.debug.ui.commands.StepOver",1360855637699
executed,command,org.eclipse.debug.ui,3.5.0.v20090603,"org.eclipse.debug.ui.commands.StepOver",1360855638309
activated,view,org.eclipse.ui.console,3.4.0.v20090513,"org.eclipse.ui.console.ConsoleView",1360855638668
activated,editor,org.eclipse.jdt.ui,3.5.1.r351_v20090821-0800,"org.eclipse.jdt.ui.CompilationUnitEditor",1360855641262
executed,command,org.eclipse.ui.workbench.texteditor,3.5.0.v20090603,"org.eclipse.ui.edit.text.goto.lineEnd",1360855712324
executed,command,org.eclipse.ui.workbench.texteditor,3.5.0.v20090603,"org.eclipse.ui.edit.text.goto.lineStart",1360855725340
executed,command,org.eclipse.ui,3.5.0.I20090604-2000,"org.eclipse.ui.file.save",1360855759621
activated,view,org.eclipse.ui.console,3.4.0.v20090513,"org.eclipse.ui.console.ConsoleView",1360855766106
executed,command,org.eclipse.debug.ui,3.5.0.v20090603,"org.eclipse.debug.ui.commands.StepOver",1360855766981
executed,command,org.eclipse.debug.ui,3.5.0.v20090603,"org.eclipse.debug.ui.commands.StepOver",1360855767856
executed,command,org.eclipse.debug.ui,3.5.0.v20090603,"org.eclipse.debug.ui.commands.StepOver",1360855768840
executed,command,org.eclipse.debug.ui,3.5.0.v20090603,"org.eclipse.debug.ui.commands.StepOver",1360855769278
executed,command,org.eclipse.debug.ui,3.5.0.v20090603,"org.eclipse.debug.ui.commands.StepOver",1360855770418
executed,command,org.eclipse.debug.ui,3.5.0.v20090603,"org.eclipse.debug.ui.commands.StepOver",1360855770668
executed,command,org.eclipse.debug.ui,3.5.0.v20090603,"org.eclipse.debug.ui.commands.StepOver",1360855770856
deactivated,workbench,org.eclipse.ui.workbench,3.5.0.I20090603-2000,"",1360855774309
activated,workbench,org.eclipse.ui.workbench,3.5.0.I20090603-2000,"",1360855784996
activated,view,org.eclipse.debug.ui,3.5.0.v20090603,"org.eclipse.debug.ui.DebugView",1360855785168
deactivated,workbench,org.eclipse.ui.workbench,3.5.0.I20090603-2000,"",1360855788184
activated,workbench,org.eclipse.ui.workbench,3.5.0.I20090603-2000,"",1360855790293
executed,command,org.eclipse.debug.ui,3.5.0.v20090603,"org.eclipse.debug.ui.commands.Resume",1360855793199
activated,editor,org.eclipse.jdt.ui,3.5.1.r351_v20090821-0800,"org.eclipse.jdt.ui.CompilationUnitEditor",1360855795887
executed,command,org.eclipse.debug.ui,3.5.0.v20090603,"org.eclipse.debug.ui.commands.Resume",1360855798153
executed,command,org.eclipse.debug.ui,3.5.0.v20090603,"org.eclipse.debug.ui.commands.Resume",1360855798512
executed,command,org.eclipse.debug.ui,3.5.0.v20090603,"org.eclipse.debug.ui.commands.Resume",1360855798871
activated,view,org.eclipse.debug.ui,3.5.0.v20090603,"org.eclipse.debug.ui.DebugView",1360855799356
executed,command,org.eclipse.debug.ui,3.5.0.v20090603,"org.eclipse.debug.ui.commands.Resume",1360855799793
executed,command,org.eclipse.debug.ui,3.5.0.v20090603,"org.eclipse.debug.ui.commands.Resume",1360855800949
activated,view,org.eclipse.ui.console,3.4.0.v20090513,"org.eclipse.ui.console.ConsoleView",1360855802199
activated,editor,org.eclipse.jdt.ui,3.5.1.r351_v20090821-0800,"org.eclipse.jdt.ui.CompilationUnitEditor",1360855802934
deactivated,workbench,org.eclipse.ui.workbench,3.5.0.I20090603-2000,"",1360855812590
activated,workbench,org.eclipse.ui.workbench,3.5.0.I20090603-2000,"",1360855833090
activated,view,org.eclipse.ui.console,3.4.0.v20090513,"org.eclipse.ui.console.ConsoleView",1360855833121
activated,view,org.eclipse.debug.ui,3.5.0.v20090603,"org.eclipse.debug.ui.DebugView",1360855841074
activated,view,org.eclipse.ui.console,3.4.0.v20090513,"org.eclipse.ui.console.ConsoleView",1360855841371
executed,command,org.eclipse.debug.ui,3.5.0.v20090603,"org.eclipse.debug.ui.commands.Resume",1360855845621
activated,view,org.eclipse.debug.ui,3.5.0.v20090603,"org.eclipse.debug.ui.DebugView",1360855846153
executed,command,org.eclipse.debug.ui,3.5.0.v20090603,"org.eclipse.debug.ui.commands.Resume",1360855846340
executed,command,org.eclipse.debug.ui,3.5.0.v20090603,"org.eclipse.debug.ui.commands.Resume",1360855846762
activated,view,org.eclipse.ui.console,3.4.0.v20090513,"org.eclipse.ui.console.ConsoleView",1360855846981
deactivated,workbench,org.eclipse.ui.workbench,3.5.0.I20090603-2000,"",1360855850043
activated,workbench,org.eclipse.ui.workbench,3.5.0.I20090603-2000,"",1360855863996
activated,view,org.eclipse.debug.ui,3.5.0.v20090603,"org.eclipse.debug.ui.DebugView",1360855864387
activated,view,org.eclipse.ui.console,3.4.0.v20090513,"org.eclipse.ui.console.ConsoleView",1360855864668
executed,command,org.eclipse.debug.ui,3.5.0.v20090603,"org.eclipse.debug.ui.commands.StepOver",1360855868262
executed,command,org.eclipse.debug.ui,3.5.0.v20090603,"org.eclipse.debug.ui.commands.Resume",1360855869840
activated,view,org.eclipse.debug.ui,3.5.0.v20090603,"org.eclipse.debug.ui.DebugView",1360855870356
executed,command,org.eclipse.debug.ui,3.5.0.v20090603,"org.eclipse.debug.ui.commands.Resume",1360855870668
executed,command,org.eclipse.debug.ui,3.5.0.v20090603,"org.eclipse.debug.ui.commands.Resume",1360855870918
activated,view,org.eclipse.ui.console,3.4.0.v20090513,"org.eclipse.ui.console.ConsoleView",1360855871137
deactivated,workbench,org.eclipse.ui.workbench,3.5.0.I20090603-2000,"",1360855873840
activated,workbench,org.eclipse.ui.workbench,3.5.0.I20090603-2000,"",1360855907621
activated,view,org.eclipse.debug.ui,3.5.0.v20090603,"org.eclipse.debug.ui.DebugView",1360855907949
activated,view,org.eclipse.ui.console,3.4.0.v20090513,"org.eclipse.ui.console.ConsoleView",1360855908231
deactivated,workbench,org.eclipse.ui.workbench,3.5.0.I20090603-2000,"",1360855916356
activated,workbench,org.eclipse.ui.workbench,3.5.0.I20090603-2000,"",1360855924121
activated,view,org.eclipse.debug.ui,3.5.0.v20090603,"org.eclipse.debug.ui.DebugView",1360855924543
activated,view,org.eclipse.ui.console,3.4.0.v20090513,"org.eclipse.ui.console.ConsoleView",1360855924840
executed,command,org.eclipse.debug.ui,3.5.0.v20090603,"org.eclipse.debug.ui.commands.Resume",1360855927793
activated,view,org.eclipse.debug.ui,3.5.0.v20090603,"org.eclipse.debug.ui.DebugView",1360855928184
executed,command,org.eclipse.debug.ui,3.5.0.v20090603,"org.eclipse.debug.ui.commands.Resume",1360855928387
executed,command,org.eclipse.debug.ui,3.5.0.v20090603,"org.eclipse.debug.ui.commands.Resume",1360855929043
activated,view,org.eclipse.ui.console,3.4.0.v20090513,"org.eclipse.ui.console.ConsoleView",1360855929403
executed,command,org.eclipse.debug.ui,3.5.0.v20090603,"org.eclipse.debug.ui.commands.Resume",1360855929403
activated,view,org.eclipse.debug.ui,3.5.0.v20090603,"org.eclipse.debug.ui.DebugView",1360855929856
executed,command,org.eclipse.debug.ui,3.5.0.v20090603,"org.eclipse.debug.ui.commands.Resume",1360855929949
executed,command,org.eclipse.debug.ui,3.5.0.v20090603,"org.eclipse.debug.ui.commands.Resume",1360855930309
activated,view,org.eclipse.ui.console,3.4.0.v20090513,"org.eclipse.ui.console.ConsoleView",1360855930653
deactivated,workbench,org.eclipse.ui.workbench,3.5.0.I20090603-2000,"",1360855933559
activated,workbench,org.eclipse.ui.workbench,3.5.0.I20090603-2000,"",1360855939918
activated,editor,org.eclipse.jdt.ui,3.5.1.r351_v20090821-0800,"org.eclipse.jdt.ui.CompilationUnitEditor",1360855941262
deactivated,workbench,org.eclipse.ui.workbench,3.5.0.I20090603-2000,"",1360856329059
activated,workbench,org.eclipse.ui.workbench,3.5.0.I20090603-2000,"",1360856476168
deactivated,workbench,org.eclipse.ui.workbench,3.5.0.I20090603-2000,"",1360856476278
activated,workbench,org.eclipse.ui.workbench,3.5.0.I20090603-2000,"",1360856478168
deactivated,workbench,org.eclipse.ui.workbench,3.5.0.I20090603-2000,"",1360856480246
activated,workbench,org.eclipse.ui.workbench,3.5.0.I20090603-2000,"",1360856482496
closed,workbench,org.eclipse.ui.workbench,3.5.0.I20090603-2000,"",1360856483496
stopped,bundle,org.eclipse.jst.ws.axis.creation.ui,1.0.406.v200903031852,"org.eclipse.jst.ws.axis.creation.ui",1360856484371
stopped,bundle,org.eclipse.jst.ws.axis.consumption.ui,1.0.405.v200901261650,"org.eclipse.jst.ws.axis.consumption.ui",1360856484371
stopped,bundle,org.eclipse.jst.ws.axis.consumption.core,1.0.306.v200810082309,"org.eclipse.jst.ws.axis.consumption.core",1360856484371
stopped,bundle,org.eclipse.jst.ws.axis2.creation.ui,1.0.103.v200807162242,"org.eclipse.jst.ws.axis2.creation.ui",1360856484371
stopped,bundle,org.eclipse.jst.ws.axis2.consumption.ui,1.0.102.v200807232000,"org.eclipse.jst.ws.axis2.consumption.ui",1360856484371
stopped,bundle,org.eclipse.jst.ws.axis2.creation.core,1.0.105.v200901220134,"org.eclipse.jst.ws.axis2.creation.core",1360856484387
stopped,bundle,org.eclipse.jst.ws.axis2.consumption.core,1.0.104.v200810151442,"org.eclipse.jst.ws.axis2.consumption.core",1360856484403
stopped,bundle,org.eclipse.jst.ws.axis2.ui,1.0.302.v200905260749,"org.eclipse.jst.ws.axis2.ui",1360856484403
stopped,bundle,org.eclipse.jst.ws.axis2.core,1.0.104.v200810151442,"org.eclipse.jst.ws.axis2.core",1360856484403
stopped,bundle,org.eclipse.jst.ws.creation.ui,1.0.409.v200911241856,"org.eclipse.jst.ws.creation.ui",1360856484403
stopped,bundle,org.eclipse.jst.ws.consumption.ui,1.1.106.v200911241851,"org.eclipse.jst.ws.consumption.ui",1360856484403
stopped,bundle,org.eclipse.jst.ws.consumption,1.0.408.v200911241817,"org.eclipse.jst.ws.consumption",1360856484403
stopped,bundle,org.eclipse.jst.ws.uddiregistry,1.0.400.v200901261650,"org.eclipse.jst.ws.uddiregistry",1360856484403
stopped,bundle,org.eclipse.jst.ws.ui,1.0.402.v200903111822,"org.eclipse.jst.ws.ui",1360856484403
stopped,bundle,org.eclipse.jst.ws,1.0.407.v200905191120,"org.eclipse.jst.ws",1360856484418
stopped,bundle,org.eclipse.wst.ws.explorer,1.0.408.v200911241806,"org.eclipse.wst.ws.explorer",1360856484418
stopped,bundle,org.eclipse.wst.wsdl.ui,1.2.202.v200904271449,"org.eclipse.wst.wsdl.ui",1360856484418
stopped,bundle,org.eclipse.wst.ws.ui,1.1.100.v200903112221,"org.eclipse.wst.ws.ui",1360856484418
stopped,bundle,org.eclipse.wst.wsi.ui,1.0.500.v200901141851,"org.eclipse.wst.wsi.ui",1360856484418
stopped,bundle,org.eclipse.wst.wsi,1.0.305.v200902181431,"org.eclipse.wst.wsi",1360856484418
stopped,bundle,org.eclipse.wst.ws,1.1.103.v200903111822,"org.eclipse.wst.ws",1360856484418
stopped,bundle,org.eclipse.jst.j2ee.webservice.ui,1.1.300.v200902052230,"org.eclipse.jst.j2ee.webservice.ui",1360856484418
stopped,bundle,org.eclipse.jst.j2ee.webservice,1.1.300.v200901220600,"org.eclipse.jst.j2ee.webservice",1360856484418
stopped,bundle,org.eclipse.wst.ws.parser,1.0.402.v200901220107,"org.eclipse.wst.ws.parser",1360856484434
stopped,bundle,commonj.sdo,2.1.1.v200905221342,"commonj.sdo",1360856484434
stopped,bundle,org.eclipse.datatools.enablement.oda.ws.ui,1.2.2.v201001260400,"org.eclipse.datatools.enablement.oda.ws.ui",1360856484434
stopped,bundle,org.eclipse.datatools.enablement.oda.ws,1.2.2.v201001131420,"org.eclipse.datatools.enablement.oda.ws",1360856484434
stopped,bundle,org.eclipse.wst.wsdl,1.2.2.v200911111930,"org.eclipse.wst.wsdl",1360856484434
stopped,bundle,org.eclipse.wst.wsdl.validation,1.1.402.v200911251542,"org.eclipse.wst.wsdl.validation",1360856484434
stopped,bundle,org.eclipse.wst.xsl.jaxp.debug.ui,1.0.0.v200904240436,"org.eclipse.wst.xsl.jaxp.debug.ui",1360856484434
stopped,bundle,org.eclipse.wst.xsl.ui,1.0.100.v200907172129,"org.eclipse.wst.xsl.ui",1360856484434
stopped,bundle,org.eclipse.wst.xml.xpath.ui,1.0.0.v200904240436,"org.eclipse.wst.xml.xpath.ui",1360856484434
stopped,bundle,org.eclipse.wst.xsl.debug.ui,1.0.0.v200904240436,"org.eclipse.wst.xsl.debug.ui",1360856484434
stopped,bundle,org.eclipse.wst.xsl.jaxp.launching,1.0.0.v200904240436,"org.eclipse.wst.xsl.jaxp.launching",1360856484434
stopped,bundle,org.eclipse.wst.xsl.launching,1.0.0.v200904241348,"org.eclipse.wst.xsl.launching",1360856484434
stopped,bundle,org.eclipse.wst.xsl.core,1.0.1.v200908101420,"org.eclipse.wst.xsl.core",1360856484434
stopped,bundle,org.eclipse.datatools.enablement.oda.xml.ui,1.2.1.v201001191820,"org.eclipse.datatools.enablement.oda.xml.ui",1360856484434
stopped,bundle,org.eclipse.datatools.enablement.oda.xml,1.2.1.v201001151620,"org.eclipse.datatools.enablement.oda.xml",1360856484434
stopped,bundle,org.eclipse.jst.jsf.apache.trinidad.tagsupport,1.1.0.v20090525,"org.eclipse.jst.jsf.apache.trinidad.tagsupport",1360856484434
stopped,bundle,org.eclipse.jst.jsf.facesconfig.ui,1.1.6.v20100203,"org.eclipse.jst.jsf.facesconfig.ui",1360856484434
stopped,bundle,org.eclipse.jst.jsf.ui,1.2.3.v201001271707,"org.eclipse.jst.jsf.ui",1360856484434
stopped,bundle,org.eclipse.jst.pagedesigner.jsf.ui,1.1.4.v20100203,"org.eclipse.jst.pagedesigner.jsf.ui",1360856484434
stopped,bundle,org.eclipse.jst.pagedesigner,1.2.3.v20100211,"org.eclipse.jst.pagedesigner",1360856484434
stopped,bundle,org.eclipse.jst.jsf.core,1.2.5.v201001271707,"org.eclipse.jst.jsf.core",1360856484434
stopped,bundle,org.eclipse.jst.jsf.common.ui,1.1.1.v20081209,"org.eclipse.jst.jsf.common.ui",1360856484434
stopped,bundle,org.eclipse.jst.jsf.standard.tagsupport,1.1.205.v201002101327,"org.eclipse.jst.jsf.standard.tagsupport",1360856484434
stopped,bundle,org.eclipse.jst.pagedesigner.jsp.core,1.1.3.v201002111131,"org.eclipse.jst.pagedesigner.jsp.core",1360856484434
stopped,bundle,org.eclipse.jst.jsf.common,1.1.9.v201001271707,"org.eclipse.jst.jsf.common",1360856484434
stopped,bundle,org.eclipse.wst.jsdt.web.support.jsp,1.0.200.v200904140255,"org.eclipse.wst.jsdt.web.support.jsp",1360856484434
